{"cameraMode":{"drawMode":0,"name":"Shaded","section":"Shading Mode"},"sceneLighting":true,"audioPlay":false,"sceneViewState":{"showFog":true,"showMaterialUpdate":true,"showSkybox":true,"showFlares":true,"showImageEffects":true,"showParticleSystems":true},"in2DMode":false,"pivot":{"x":-94.85843658447266,"y":-19.79883575439453,"z":22.93878173828125},"rotation":{"x":0.18034397065639497,"y":-0.3587811291217804,"z":0.07086274027824402,"w":0.9130891561508179},"size":125.1463851928711,"orthographic":false}