{"cameraMode":{"drawMode":0,"name":"Shaded","section":"Shading Mode"},"sceneLighting":true,"audioPlay":false,"sceneViewState":{"showFog":true,"showMaterialUpdate":true,"showSkybox":true,"showFlares":true,"showImageEffects":true,"showParticleSystems":true},"in2DMode":false,"pivot":{"x":83.23025512695313,"y":8.863079071044922,"z":151.35104370117188},"rotation":{"x":0.27860981225967409,"y":-0.6510176658630371,"z":0.27978286147117617,"w":0.648286759853363},"size":43.51569366455078,"orthographic":false}