{"cameraMode":{"drawMode":0,"name":"Shaded","section":"Shading Mode"},"sceneLighting":false,"audioPlay":false,"sceneViewState":{"showFog":true,"showMaterialUpdate":true,"showSkybox":false,"showFlares":true,"showImageEffects":true,"showParticleSystems":true},"in2DMode":false,"pivot":{"x":16.45431900024414,"y":19.2248477935791,"z":3.009064197540283},"rotation":{"x":0.3353339433670044,"y":-0.5634105801582336,"z":0.2675853669643402,"w":0.7060577273368836},"size":5.970427989959717,"orthographic":false}