{"cameraMode":{"drawMode":0,"name":"Shaded","section":"Shading Mode"},"sceneLighting":false,"audioPlay":false,"sceneViewState":{"showFog":true,"showMaterialUpdate":true,"showSkybox":false,"showFlares":true,"showImageEffects":true,"showParticleSystems":true},"in2DMode":false,"pivot":{"x":2.153001070022583,"y":-0.5526046752929688,"z":0.5287718772888184},"rotation":{"x":0.4371548593044281,"y":-0.15513525903224946,"z":0.0768422856926918,"w":0.8825678825378418},"size":3.4595870971679689,"orthographic":false}