{"cameraMode":{"drawMode":0,"name":"Shaded","section":"Shading Mode"},"sceneLighting":false,"audioPlay":false,"sceneViewState":{"showFog":true,"showMaterialUpdate":true,"showSkybox":false,"showFlares":true,"showImageEffects":true,"showParticleSystems":true},"in2DMode":false,"pivot":{"x":-95.91083526611328,"y":3.933506965637207,"z":172.30369567871095},"rotation":{"x":0.24899321794509889,"y":-0.36483675241470339,"z":0.10191404074430466,"w":0.8913577795028687},"size":15.671299934387207,"orthographic":false}