{"cameraMode":{"drawMode":0,"name":"Shaded","section":"Shading Mode"},"sceneLighting":true,"audioPlay":false,"sceneViewState":{"showFog":true,"showMaterialUpdate":true,"showSkybox":true,"showFlares":true,"showImageEffects":true,"showParticleSystems":true},"in2DMode":false,"pivot":{"x":19.456270217895509,"y":4.2778778076171879,"z":5.487894058227539},"rotation":{"x":-0.3459087908267975,"y":0.13333846628665925,"z":-0.04973280802369118,"w":-0.927413821220398},"size":6.724542617797852,"orthographic":false}