{"cameraMode":{"drawMode":0,"name":"Shaded","section":"Shading Mode"},"sceneLighting":false,"audioPlay":false,"sceneViewState":{"showFog":true,"showMaterialUpdate":true,"showSkybox":false,"showFlares":true,"showImageEffects":true,"showParticleSystems":true},"in2DMode":false,"pivot":{"x":101.48348236083985,"y":3.850350856781006,"z":215.96217346191407},"rotation":{"x":0.3055937886238098,"y":-0.6262272000312805,"z":0.29214242100715639,"w":0.6550609469413757},"size":4.9759440422058109,"orthographic":false}