{"cameraMode":{"drawMode":0,"name":"Shaded","section":"Shading Mode"},"sceneLighting":false,"audioPlay":false,"sceneViewState":{"showFog":true,"showMaterialUpdate":true,"showSkybox":false,"showFlares":true,"showImageEffects":true,"showParticleSystems":true},"in2DMode":false,"pivot":{"x":16.45199966430664,"y":6.802000045776367,"z":37.48500061035156},"rotation":{"x":-0.010113436728715897,"y":0.9730775356292725,"z":-0.2261054515838623,"w":-0.043524641543626788},"size":0.7165812849998474,"orthographic":false}