{"cameraMode":{"drawMode":0,"name":"Shaded","section":"Shading Mode"},"sceneLighting":false,"audioPlay":false,"sceneViewState":{"showFog":true,"showMaterialUpdate":true,"showSkybox":false,"showFlares":true,"showImageEffects":true,"showParticleSystems":true},"in2DMode":false,"pivot":{"x":70.78267669677735,"y":3.1630449295043947,"z":212.4864959716797},"rotation":{"x":-0.20284119248390199,"y":0.7287610769271851,"z":-0.24352742731571198,"w":-0.6070067286491394},"size":3.74294114112854,"orthographic":false}