{"cameraMode":{"drawMode":0,"name":"Shaded","section":"Shading Mode"},"sceneLighting":false,"audioPlay":false,"sceneViewState":{"showFog":true,"showMaterialUpdate":true,"showSkybox":false,"showFlares":true,"showImageEffects":true,"showParticleSystems":true},"in2DMode":false,"pivot":{"x":13.929497718811036,"y":3.4618265628814699,"z":-91.31309509277344},"rotation":{"x":0.20769384503364564,"y":-0.6526291966438294,"z":0.19290466606616975,"w":0.702660322189331},"size":1.734290361404419,"orthographic":false}