{"cameraMode":{"drawMode":0,"name":"Shaded","section":"Shading Mode"},"sceneLighting":true,"audioPlay":false,"sceneViewState":{"showFog":true,"showMaterialUpdate":true,"showSkybox":true,"showFlares":true,"showImageEffects":true,"showParticleSystems":true},"in2DMode":false,"pivot":{"x":7.836021423339844,"y":-26.311870574951173,"z":-9.102607727050782},"rotation":{"x":0.23674678802490235,"y":-0.4624796211719513,"z":0.1296444982290268,"w":0.8445446491241455},"size":60.6956672668457,"orthographic":false}