{"cameraMode":{"drawMode":0,"name":"Shaded","section":"Shading Mode"},"sceneLighting":false,"audioPlay":false,"sceneViewState":{"showFog":true,"showMaterialUpdate":true,"showSkybox":false,"showFlares":true,"showImageEffects":true,"showParticleSystems":true},"in2DMode":false,"pivot":{"x":-0.8311586380004883,"y":0.6056745052337647,"z":3.1447505950927736},"rotation":{"x":0.03879285603761673,"y":0.9451596140861511,"z":-0.1220281645655632,"w":0.3004651665687561},"size":7.863406658172607,"orthographic":false}