{"cameraMode":{"drawMode":0,"name":"Shaded","section":"Shading Mode"},"sceneLighting":false,"audioPlay":false,"sceneViewState":{"showFog":true,"showMaterialUpdate":true,"showSkybox":false,"showFlares":true,"showImageEffects":true,"showParticleSystems":true},"in2DMode":false,"pivot":{"x":2.701420307159424,"y":3.131467819213867,"z":-3.5259647369384767},"rotation":{"x":-0.0168116707354784,"y":0.9831761121749878,"z":-0.1260388344526291,"w":-0.13114070892333985},"size":12.358973503112793,"orthographic":false}