{"cameraMode":{"drawMode":0,"name":"Shaded","section":"Shading Mode"},"sceneLighting":false,"audioPlay":false,"sceneViewState":{"showFog":true,"showMaterialUpdate":false,"showSkybox":false,"showFlares":true,"showImageEffects":true,"showParticleSystems":true},"in2DMode":false,"pivot":{"x":-8.234441757202149,"y":3.9411826133728029,"z":9.2421875},"rotation":{"x":-0.002716199029237032,"y":0.7614108324050903,"z":0.00319064618088305,"w":0.6482581496238709},"size":1.2686727046966553,"orthographic":false}