{"cameraMode":{"drawMode":0,"name":"Shaded","section":"Shading Mode"},"sceneLighting":false,"audioPlay":false,"sceneViewState":{"showFog":true,"showMaterialUpdate":true,"showSkybox":false,"showFlares":true,"showImageEffects":true,"showParticleSystems":true},"in2DMode":false,"pivot":{"x":13.947256088256836,"y":3.2415332794189455,"z":-91.3244400024414},"rotation":{"x":0.21444281935691834,"y":-0.6636689901351929,"z":0.20747998356819154,"w":0.6859389543533325},"size":4.3528242111206059,"orthographic":false}