{"cameraMode":{"drawMode":0,"name":"Shaded","section":"Shading Mode"},"sceneLighting":true,"audioPlay":false,"sceneViewState":{"showFog":true,"showMaterialUpdate":true,"showSkybox":true,"showFlares":true,"showImageEffects":true,"showParticleSystems":true},"in2DMode":false,"pivot":{"x":-61.98229217529297,"y":-71.41386413574219,"z":10.68426513671875},"rotation":{"x":-0.297771155834198,"y":0.38166284561157229,"z":-0.1313691884279251,"w":-0.8651067614555359},"size":79.46522521972656,"orthographic":false}