{"cameraMode":{"drawMode":0,"name":"Shaded","section":"Shading Mode"},"sceneLighting":false,"audioPlay":false,"sceneViewState":{"showFog":true,"showMaterialUpdate":true,"showSkybox":false,"showFlares":true,"showImageEffects":true,"showParticleSystems":true},"in2DMode":false,"pivot":{"x":11.86225700378418,"y":3.057816505432129,"z":3.6343162059783937},"rotation":{"x":-0.1456579715013504,"y":0.8338478803634644,"z":-0.26205673813819888,"w":-0.46347576379776},"size":6.829663276672363,"orthographic":false}