{"cameraMode":{"drawMode":0,"name":"Shaded","section":"Shading Mode"},"sceneLighting":false,"audioPlay":false,"sceneViewState":{"showFog":true,"showMaterialUpdate":true,"showSkybox":false,"showFlares":true,"showImageEffects":true,"showParticleSystems":true},"in2DMode":false,"pivot":{"x":-0.1424667090177536,"y":-0.34811729192733767,"z":-0.023370563983917238},"rotation":{"x":-0.36111268401145937,"y":-0.11234564334154129,"z":0.04387360066175461,"w":-0.9246904253959656},"size":0.6650773286819458,"orthographic":false}