{"cameraMode":{"drawMode":0,"name":"Shaded","section":"Shading Mode"},"sceneLighting":false,"audioPlay":false,"sceneViewState":{"showFog":true,"showMaterialUpdate":true,"showSkybox":false,"showFlares":true,"showImageEffects":true,"showParticleSystems":true},"in2DMode":false,"pivot":{"x":-1.4963304996490479,"y":0.30616140365600588,"z":1.0451374053955079},"rotation":{"x":-0.016077224165201188,"y":0.9742925763130188,"z":-0.21225124597549439,"w":-0.07379907369613648},"size":4.898329257965088,"orthographic":false}