{"cameraMode":{"drawMode":0,"name":"Shaded","section":"Shading Mode"},"sceneLighting":true,"audioPlay":false,"sceneViewState":{"showFog":true,"showMaterialUpdate":true,"showSkybox":true,"showFlares":true,"showImageEffects":true,"showParticleSystems":true},"in2DMode":false,"pivot":{"x":19.909936904907228,"y":2.7642688751220705,"z":25.634336471557618},"rotation":{"x":-0.26146748661994936,"y":0.44521406292915347,"z":-0.13772086799144746,"w":-0.845252275466919},"size":1.2701222896575928,"orthographic":false}