{"cameraMode":{"drawMode":0,"name":"Shaded","section":"Shading Mode"},"sceneLighting":false,"audioPlay":false,"sceneViewState":{"showFog":true,"showMaterialUpdate":false,"showSkybox":false,"showFlares":true,"showImageEffects":true,"showParticleSystems":true},"in2DMode":false,"pivot":{"x":15.679288864135743,"y":5.004981517791748,"z":6.878077983856201},"rotation":{"x":-0.0560014545917511,"y":0.9427546858787537,"z":-0.20619408786296845,"w":-0.25604838132858279},"size":10.580002784729004,"orthographic":false}