{"cameraMode":{"drawMode":0,"name":"Shaded","section":"Shading Mode"},"sceneLighting":false,"audioPlay":false,"sceneViewState":{"showFog":true,"showMaterialUpdate":true,"showSkybox":false,"showFlares":true,"showImageEffects":true,"showParticleSystems":true},"in2DMode":false,"pivot":{"x":99.30011749267578,"y":3.5152077674865724,"z":210.15184020996095},"rotation":{"x":0.24132011830806733,"y":-0.3788823187351227,"z":0.1030256450176239,"w":0.8874693512916565},"size":2.4564778804779054,"orthographic":false}