{"cameraMode":{"drawMode":0,"name":"Shaded","section":"Shading Mode"},"sceneLighting":true,"audioPlay":false,"sceneViewState":{"showFog":true,"showMaterialUpdate":true,"showSkybox":true,"showFlares":true,"showImageEffects":true,"showParticleSystems":true},"in2DMode":false,"pivot":{"x":-10.710189819335938,"y":-24.616989135742189,"z":23.04170799255371},"rotation":{"x":0.2898770868778229,"y":-0.6300561428070068,"z":0.27414271235466006,"w":0.6662298440933228},"size":105.25420379638672,"orthographic":false}