{"cameraMode":{"drawMode":0,"name":"Shaded","section":"Shading Mode"},"sceneLighting":false,"audioPlay":false,"sceneViewState":{"showFog":true,"showMaterialUpdate":true,"showSkybox":false,"showFlares":true,"showImageEffects":true,"showParticleSystems":true},"in2DMode":false,"pivot":{"x":13.841662406921387,"y":5.209236145019531,"z":7.133716583251953},"rotation":{"x":0.10226482152938843,"y":-0.8852236866950989,"z":0.2321745902299881,"w":0.38991087675094607},"size":8.99959945678711,"orthographic":false}