{"cameraMode":{"drawMode":0,"name":"Shaded","section":"Shading Mode"},"sceneLighting":false,"audioPlay":false,"sceneViewState":{"showFog":true,"showMaterialUpdate":false,"showSkybox":false,"showFlares":true,"showImageEffects":true,"showParticleSystems":true},"in2DMode":false,"pivot":{"x":-7.814146995544434,"y":5.12692928314209,"z":7.998909950256348},"rotation":{"x":-0.0782051756978035,"y":0.9035369157791138,"z":-0.1872137039899826,"w":-0.37743690609931948},"size":11.267375946044922,"orthographic":false}