{"cameraMode":{"drawMode":0,"name":"Shaded","section":"Shading Mode"},"sceneLighting":false,"audioPlay":false,"sceneViewState":{"showFog":true,"showMaterialUpdate":true,"showSkybox":false,"showFlares":true,"showImageEffects":true,"showParticleSystems":true},"in2DMode":false,"pivot":{"x":-7.499780654907227,"y":7.175799369812012,"z":10.43869686126709},"rotation":{"x":0.21918755769729615,"y":-0.6603541374206543,"z":0.21080179512500764,"w":0.6866236925125122},"size":8.113899230957032,"orthographic":false}