{"cameraMode":{"drawMode":0,"name":"Shaded","section":"Shading Mode"},"sceneLighting":true,"audioPlay":false,"sceneViewState":{"showFog":true,"showMaterialUpdate":true,"showSkybox":true,"showFlares":true,"showImageEffects":true,"showParticleSystems":true},"in2DMode":false,"pivot":{"x":14.592941284179688,"y":-2.2131118774414064,"z":3.7100443840026857},"rotation":{"x":0.21918755769729615,"y":-0.6603541374206543,"z":0.21080179512500764,"w":0.6866236925125122},"size":26.533668518066408,"orthographic":false}