{"cameraMode":{"drawMode":0,"name":"Shaded","section":"Shading Mode"},"sceneLighting":true,"audioPlay":false,"sceneViewState":{"showFog":true,"showMaterialUpdate":true,"showSkybox":true,"showFlares":true,"showImageEffects":true,"showParticleSystems":true},"in2DMode":false,"pivot":{"x":9.932052612304688,"y":-17.72602081298828,"z":56.23808288574219},"rotation":{"x":0.29762935638427737,"y":-0.5771148204803467,"z":0.23778194189071656,"w":0.722369372844696},"size":84.48963928222656,"orthographic":false}