{"cameraMode":{"drawMode":0,"name":"Shaded","section":"Shading Mode"},"sceneLighting":true,"audioPlay":false,"sceneViewState":{"showFog":true,"showMaterialUpdate":true,"showSkybox":true,"showFlares":true,"showImageEffects":true,"showParticleSystems":true},"in2DMode":false,"pivot":{"x":120.38131713867188,"y":78.24821472167969,"z":-89.12237548828125},"rotation":{"x":0.18888850510120393,"y":-0.13940861821174622,"z":0.027100183069705964,"w":0.9716752171516419},"size":115.62047576904297,"orthographic":false}