{"cameraMode":{"drawMode":0,"name":"Shaded","section":"Shading Mode"},"sceneLighting":false,"audioPlay":false,"sceneViewState":{"showFog":true,"showMaterialUpdate":true,"showSkybox":false,"showFlares":true,"showImageEffects":true,"showParticleSystems":true},"in2DMode":false,"pivot":{"x":-27.3700008392334,"y":0.3877420425415039,"z":-12.59000015258789},"rotation":{"x":0.21918755769729615,"y":-0.6603541374206543,"z":0.21080179512500764,"w":0.6866236925125122},"size":3.299043893814087,"orthographic":false}