{"cameraMode":{"drawMode":0,"name":"Shaded","section":"Shading Mode"},"sceneLighting":true,"audioPlay":false,"sceneViewState":{"showFog":true,"showMaterialUpdate":true,"showSkybox":true,"showFlares":true,"showImageEffects":true,"showParticleSystems":true},"in2DMode":false,"pivot":{"x":-1.2166500091552735,"y":0.1297473907470703,"z":46.36832809448242},"rotation":{"x":-0.172490656375885,"y":0.48914092779159548,"z":-0.09935592114925385,"w":-0.8491880893707275},"size":36.070648193359378,"orthographic":false}