{"cameraMode":{"drawMode":0,"name":"Shaded","section":"Shading Mode"},"sceneLighting":false,"audioPlay":false,"sceneViewState":{"showFog":true,"showMaterialUpdate":true,"showSkybox":false,"showFlares":true,"showImageEffects":true,"showParticleSystems":true},"in2DMode":false,"pivot":{"x":16.438737869262697,"y":6.851566314697266,"z":37.4415168762207},"rotation":{"x":0.13237568736076356,"y":-0.8642722964286804,"z":0.29980430006980898,"w":0.38161081075668337},"size":0.6355113983154297,"orthographic":false}