{"cameraMode":{"drawMode":0,"name":"Shaded","section":"Shading Mode"},"sceneLighting":true,"audioPlay":false,"sceneViewState":{"showFog":true,"showMaterialUpdate":true,"showSkybox":true,"showFlares":true,"showImageEffects":true,"showParticleSystems":true},"in2DMode":false,"pivot":{"x":76.5727310180664,"y":-11.357006072998047,"z":106.72112274169922},"rotation":{"x":0.2827065885066986,"y":-0.5239066481590271,"z":0.18969690799713136,"w":0.7807791829109192},"size":54.22846984863281,"orthographic":false}