{"cameraMode":{"drawMode":0,"name":"Shaded","section":"Shading Mode"},"sceneLighting":false,"audioPlay":false,"sceneViewState":{"showFog":true,"showMaterialUpdate":true,"showSkybox":false,"showFlares":true,"showImageEffects":true,"showParticleSystems":true},"in2DMode":false,"pivot":{"x":-0.061528272926807407,"y":0.18376615643501283,"z":0.9531463384628296},"rotation":{"x":0.13069230318069459,"y":-0.02320728823542595,"z":-0.0030301634687930347,"w":-0.9911566376686096},"size":0.53492271900177,"orthographic":false}