{"cameraMode":{"drawMode":0,"name":"Shaded","section":"Shading Mode"},"sceneLighting":true,"audioPlay":false,"sceneViewState":{"showFog":true,"showMaterialUpdate":true,"showSkybox":true,"showFlares":true,"showImageEffects":true,"showParticleSystems":true},"in2DMode":false,"pivot":{"x":-33.93492889404297,"y":-47.45587158203125,"z":-20.256359100341798},"rotation":{"x":0.2747015953063965,"y":-0.551508367061615,"z":0.19872638583183289,"w":0.7621788382530212},"size":90.16294860839844,"orthographic":false}