{"cameraMode":{"drawMode":0,"name":"Shaded","section":"Shading Mode"},"sceneLighting":false,"audioPlay":false,"sceneViewState":{"showFog":true,"showMaterialUpdate":true,"showSkybox":false,"showFlares":true,"showImageEffects":true,"showParticleSystems":true},"in2DMode":false,"pivot":{"x":16.634904861450197,"y":6.962368011474609,"z":37.537269592285159},"rotation":{"x":0.27056780457496645,"y":-0.46050870418548586,"z":0.14974988996982575,"w":0.83204585313797},"size":0.513929009437561,"orthographic":false}