{"cameraMode":{"drawMode":0,"name":"Shaded","section":"Shading Mode"},"sceneLighting":true,"audioPlay":false,"sceneViewState":{"showFog":true,"showMaterialUpdate":true,"showSkybox":true,"showFlares":true,"showImageEffects":true,"showParticleSystems":true},"in2DMode":false,"pivot":{"x":2.19927978515625,"y":7.89544677734375,"z":12.958951950073243},"rotation":{"x":0.07930603623390198,"y":-0.8233504295349121,"z":0.11888319998979569,"w":0.5492495894432068},"size":28.32952880859375,"orthographic":false}