{"cameraMode":{"drawMode":0,"name":"Shaded","section":"Shading Mode"},"sceneLighting":true,"audioPlay":false,"sceneViewState":{"showFog":true,"showMaterialUpdate":true,"showSkybox":true,"showFlares":true,"showImageEffects":true,"showParticleSystems":true},"in2DMode":false,"pivot":{"x":20.993276596069337,"y":6.411257743835449,"z":7.881003379821777},"rotation":{"x":-0.21481704711914063,"y":0.7470939755439758,"z":-0.28660285472869875,"w":-0.5599679946899414},"size":11.784292221069336,"orthographic":false}