{"cameraMode":{"drawMode":0,"name":"Shaded","section":"Shading Mode"},"sceneLighting":true,"audioPlay":false,"sceneViewState":{"showFog":true,"showMaterialUpdate":true,"showSkybox":true,"showFlares":true,"showImageEffects":true,"showParticleSystems":true},"in2DMode":false,"pivot":{"x":12.757070541381836,"y":10.128326416015625,"z":35.4268684387207},"rotation":{"x":0.24778711795806886,"y":-0.6196363568305969,"z":0.2153613269329071,"w":0.7129324078559876},"size":18.887971878051759,"orthographic":false}