{"cameraMode":{"drawMode":0,"name":"Shaded","section":"Shading Mode"},"sceneLighting":false,"audioPlay":false,"sceneViewState":{"showFog":true,"showMaterialUpdate":true,"showSkybox":false,"showFlares":true,"showImageEffects":true,"showParticleSystems":true},"in2DMode":false,"pivot":{"x":16.6328067779541,"y":6.844482421875,"z":37.28803253173828},"rotation":{"x":0.27056780457496645,"y":-0.46050870418548586,"z":0.14974988996982575,"w":0.83204585313797},"size":0.6213486194610596,"orthographic":true}