{"cameraMode":{"drawMode":0,"name":"Shaded","section":"Shading Mode"},"sceneLighting":true,"audioPlay":false,"sceneViewState":{"showFog":true,"showMaterialUpdate":false,"showSkybox":true,"showFlares":true,"showImageEffects":true,"showParticleSystems":true},"in2DMode":false,"pivot":{"x":-26.301429748535158,"y":-67.48180389404297,"z":138.12916564941407},"rotation":{"x":-0.21602210402488709,"y":0.676725447177887,"z":-0.21849849820137025,"w":-0.6690559983253479},"size":93.25150299072266,"orthographic":false}