{"cameraMode":{"drawMode":0,"name":"Shaded","section":"Shading Mode"},"sceneLighting":false,"audioPlay":false,"sceneViewState":{"showFog":true,"showMaterialUpdate":true,"showSkybox":false,"showFlares":true,"showImageEffects":true,"showParticleSystems":true},"in2DMode":false,"pivot":{"x":15.117466926574707,"y":4.491448402404785,"z":3.2618579864501955},"rotation":{"x":0.08323714137077332,"y":-0.8790796399116516,"z":0.1667865812778473,"w":0.4387167692184448},"size":5.763459205627441,"orthographic":false}