{"cameraMode":{"drawMode":0,"name":"Shaded","section":"Shading Mode"},"sceneLighting":false,"audioPlay":false,"sceneViewState":{"showFog":true,"showMaterialUpdate":true,"showSkybox":true,"showFlares":true,"showImageEffects":true,"showParticleSystems":true},"in2DMode":false,"pivot":{"x":506.0804443359375,"y":144.007080078125,"z":266.5564270019531},"rotation":{"x":-0.1166267842054367,"y":0.042601361870765689,"z":-0.005009580869227648,"w":-0.9922535419464111},"size":454.5234680175781,"orthographic":false}