{"cameraMode":{"drawMode":0,"name":"Shaded","section":"Shading Mode"},"sceneLighting":false,"audioPlay":false,"sceneViewState":{"showFog":true,"showMaterialUpdate":true,"showSkybox":true,"showFlares":true,"showImageEffects":true,"showParticleSystems":true},"in2DMode":false,"pivot":{"x":-122.12754821777344,"y":19.466753005981447,"z":-21.2235050201416},"rotation":{"x":0.21202556788921357,"y":-0.7356589436531067,"z":0.26637303829193118,"w":0.5855851769447327},"size":7.353837966918945,"orthographic":false}