{"cameraMode":{"drawMode":0,"name":"Shaded","section":"Shading Mode"},"sceneLighting":false,"audioPlay":false,"sceneViewState":{"showFog":true,"showMaterialUpdate":true,"showSkybox":false,"showFlares":true,"showImageEffects":true,"showParticleSystems":true},"in2DMode":false,"pivot":{"x":1.4926598072052003,"y":1.0504800081253052,"z":0.6797687411308289},"rotation":{"x":-0.12980376183986665,"y":0.7525812387466431,"z":-0.1559353768825531,"w":-0.626463770866394},"size":1.5743989944458008,"orthographic":false}