{"cameraMode":{"drawMode":0,"name":"Shaded","section":"Shading Mode"},"sceneLighting":true,"audioPlay":false,"sceneViewState":{"showFog":true,"showMaterialUpdate":true,"showSkybox":false,"showFlares":true,"showImageEffects":true,"showParticleSystems":true},"in2DMode":false,"pivot":{"x":-130.27435302734376,"y":10.915815353393555,"z":70.23574829101563},"rotation":{"x":0.23120275139808656,"y":-0.34942570328712466,"z":0.08940965682268143,"w":0.9035789370536804},"size":17.00766372680664,"orthographic":false}