{"cameraMode":{"drawMode":0,"name":"Shaded","section":"Shading Mode"},"sceneLighting":true,"audioPlay":false,"sceneViewState":{"showFog":true,"showMaterialUpdate":true,"showSkybox":false,"showFlares":true,"showImageEffects":true,"showParticleSystems":true},"in2DMode":false,"pivot":{"x":-132.76223754882813,"y":6.477205276489258,"z":-6.92547607421875},"rotation":{"x":-0.42382341623306277,"y":0.16605441272258759,"z":-0.07935692369937897,"w":-0.8868504762649536},"size":10.122894287109375,"orthographic":false}