{"cameraMode":{"drawMode":0,"name":"Shaded","section":"Shading Mode"},"sceneLighting":true,"audioPlay":false,"sceneViewState":{"showFog":true,"showMaterialUpdate":true,"showSkybox":true,"showFlares":true,"showImageEffects":true,"showParticleSystems":true},"in2DMode":false,"pivot":{"x":58.656524658203128,"y":7.043701171875,"z":147.97715759277345},"rotation":{"x":0.31850719451904299,"y":-0.5742365121841431,"z":0.2580917179584503,"w":0.7086568474769592},"size":144.6392822265625,"orthographic":false}