{"cameraMode":{"drawMode":0,"name":"Shaded","section":"Shading Mode"},"sceneLighting":false,"audioPlay":false,"sceneViewState":{"showFog":true,"showMaterialUpdate":true,"showSkybox":false,"showFlares":true,"showImageEffects":true,"showParticleSystems":true},"in2DMode":false,"pivot":{"x":-2.0799999237060549,"y":5.315051078796387,"z":9.399999618530274},"rotation":{"x":-0.04330988973379135,"y":-0.9513368010520935,"z":0.2611413896083832,"w":-0.15781556069850923},"size":4.792973518371582,"orthographic":false}