{"cameraMode":{"drawMode":0,"name":"Shaded","section":"Shading Mode"},"sceneLighting":false,"audioPlay":false,"sceneViewState":{"showFog":true,"showMaterialUpdate":false,"showSkybox":false,"showFlares":true,"showImageEffects":true,"showParticleSystems":true},"in2DMode":false,"pivot":{"x":15.679288864135743,"y":5.004981517791748,"z":6.878077983856201},"rotation":{"x":-0.5184254050254822,"y":0.4797225594520569,"z":-0.4692002236843109,"w":-0.5300519466400147},"size":2.3671762943267824,"orthographic":true}