{"cameraMode":{"drawMode":0,"name":"Shaded","section":"Shading Mode"},"sceneLighting":false,"audioPlay":false,"sceneViewState":{"showFog":true,"showMaterialUpdate":true,"showSkybox":false,"showFlares":true,"showImageEffects":true,"showParticleSystems":true},"in2DMode":false,"pivot":{"x":15.117466926574707,"y":4.648127555847168,"z":3.2618579864501955},"rotation":{"x":-0.42382341623306277,"y":0.16605441272258759,"z":-0.07935692369937897,"w":-0.8868504762649536},"size":6.238368511199951,"orthographic":false}