{"cameraMode":{"drawMode":0,"name":"Shaded","section":"Shading Mode"},"sceneLighting":false,"audioPlay":false,"sceneViewState":{"showFog":true,"showMaterialUpdate":true,"showSkybox":false,"showFlares":true,"showImageEffects":true,"showParticleSystems":true},"in2DMode":false,"pivot":{"x":-130.58151245117188,"y":6.815545082092285,"z":-3.7179341316223146},"rotation":{"x":0.30883726477622988,"y":-0.47485971450805666,"z":0.18249984085559846,"w":0.8036572933197022},"size":10.81403636932373,"orthographic":false}