{"cameraMode":{"drawMode":0,"name":"Shaded","section":"Shading Mode"},"sceneLighting":true,"audioPlay":false,"sceneViewState":{"showFog":true,"showMaterialUpdate":true,"showSkybox":true,"showFlares":true,"showImageEffects":true,"showParticleSystems":true},"in2DMode":false,"pivot":{"x":489.5989685058594,"y":259.2345275878906,"z":201.015380859375},"rotation":{"x":0.032994285225868228,"y":0.001498871366493404,"z":-0.000049214086175197735,"w":0.9994570016860962},"size":413.3742980957031,"orthographic":false}