{"cameraMode":{"drawMode":0,"name":"Shaded","section":"Shading Mode"},"sceneLighting":false,"audioPlay":false,"sceneViewState":{"showFog":true,"showMaterialUpdate":true,"showSkybox":false,"showFlares":true,"showImageEffects":true,"showParticleSystems":true},"in2DMode":false,"pivot":{"x":-125.18373107910156,"y":2.964017391204834,"z":82.15282440185547},"rotation":{"x":-0.1535981446504593,"y":0.3494696617126465,"z":-0.058204133063554767,"w":-0.922460675239563},"size":14.303740501403809,"orthographic":false}