{"cameraMode":{"drawMode":0,"name":"Shaded","section":"Shading Mode"},"sceneLighting":true,"audioPlay":false,"sceneViewState":{"showFog":true,"showMaterialUpdate":true,"showSkybox":true,"showFlares":true,"showImageEffects":true,"showParticleSystems":true},"in2DMode":false,"pivot":{"x":227.54183959960938,"y":428.8393859863281,"z":-103.4656982421875},"rotation":{"x":0.04947809875011444,"y":0.00809260830283165,"z":-0.00040054437704384327,"w":0.9987438321113586},"size":403.4405517578125,"orthographic":false}