{"cameraMode":{"drawMode":0,"name":"Shaded","section":"Shading Mode"},"sceneLighting":false,"audioPlay":false,"sceneViewState":{"showFog":true,"showMaterialUpdate":true,"showSkybox":false,"showFlares":true,"showImageEffects":true,"showParticleSystems":true},"in2DMode":false,"pivot":{"x":-3.569999933242798,"y":2.6700000762939455,"z":8.710000038146973},"rotation":{"x":-0.34619462490081789,"y":0.5219721794128418,"z":-0.24407778680324555,"w":-0.7403568625450134},"size":1.5000348091125489,"orthographic":false}