{"cameraMode":{"drawMode":0,"name":"Shaded","section":"Shading Mode"},"sceneLighting":false,"audioPlay":false,"sceneViewState":{"showFog":true,"showMaterialUpdate":true,"showSkybox":false,"showFlares":true,"showImageEffects":true,"showParticleSystems":true},"in2DMode":false,"pivot":{"x":-134.69786071777345,"y":8.297778129577637,"z":-4.942654132843018},"rotation":{"x":-0.162589430809021,"y":0.7207849621772766,"z":-0.1805209517478943,"w":-0.6492142677307129},"size":9.936971664428711,"orthographic":false}