{"cameraMode":{"drawMode":0,"name":"Shaded","section":"Shading Mode"},"sceneLighting":false,"audioPlay":false,"sceneViewState":{"showFog":true,"showMaterialUpdate":true,"showSkybox":false,"showFlares":true,"showImageEffects":true,"showParticleSystems":true},"in2DMode":false,"pivot":{"x":-132.76223754882813,"y":5.03896427154541,"z":-6.92547607421875},"rotation":{"x":-0.2810932397842407,"y":0.2432962954044342,"z":-0.07390867918729782,"w":-0.9253994822502136},"size":5.763456344604492,"orthographic":false}