{"cameraMode":{"drawMode":0,"name":"Shaded","section":"Shading Mode"},"sceneLighting":false,"audioPlay":false,"sceneViewState":{"showFog":true,"showMaterialUpdate":true,"showSkybox":false,"showFlares":true,"showImageEffects":true,"showParticleSystems":true},"in2DMode":false,"pivot":{"x":0.16061127185821534,"y":0.6208807229995728,"z":-0.2451847791671753},"rotation":{"x":-0.04494757577776909,"y":0.9340119361877441,"z":-0.1268633008003235,"w":-0.33092010021209719},"size":1.2426977157592774,"orthographic":false}