{"cameraMode":{"drawMode":0,"name":"Shaded","section":"Shading Mode"},"sceneLighting":true,"audioPlay":false,"sceneViewState":{"showFog":true,"showMaterialUpdate":true,"showSkybox":true,"showFlares":true,"showImageEffects":true,"showParticleSystems":true},"in2DMode":false,"pivot":{"x":294.02557373046877,"y":64.08346557617188,"z":29.69439697265625},"rotation":{"x":0.43353506922721865,"y":0.2550978362560272,"z":-0.12942060828208924,"w":0.8545305132865906},"size":281.51470947265627,"orthographic":false}