{"cameraMode":{"drawMode":0,"name":"Shaded","section":"Shading Mode"},"sceneLighting":true,"audioPlay":false,"sceneViewState":{"showFog":true,"showMaterialUpdate":false,"showSkybox":false,"showFlares":true,"showImageEffects":true,"showParticleSystems":true},"in2DMode":false,"pivot":{"x":4.800000190734863,"y":12.487321853637696,"z":-5.213437557220459},"rotation":{"x":-0.3049631118774414,"y":0.5034244060516357,"z":-0.19572898745536805,"w":-0.7843803763389587},"size":17.623554229736329,"orthographic":false}