{"cameraMode":{"drawMode":0,"name":"Shaded","section":"Shading Mode"},"sceneLighting":false,"audioPlay":false,"sceneViewState":{"showFog":true,"showMaterialUpdate":true,"showSkybox":false,"showFlares":true,"showImageEffects":true,"showParticleSystems":true},"in2DMode":false,"pivot":{"x":20.871875762939454,"y":12.463384628295899,"z":5.277261734008789},"rotation":{"x":0.12106896936893463,"y":-0.8059940338134766,"z":0.17685391008853913,"w":0.5517609119415283},"size":6.427798748016357,"orthographic":false}