{"cameraMode":{"drawMode":0,"name":"Shaded","section":"Shading Mode"},"sceneLighting":false,"audioPlay":false,"sceneViewState":{"showFog":true,"showMaterialUpdate":false,"showSkybox":false,"showFlares":true,"showImageEffects":true,"showParticleSystems":true},"in2DMode":false,"pivot":{"x":0.514495849609375,"y":-0.146728515625,"z":-0.28774428367614748},"rotation":{"x":-0.4911791682243347,"y":0.5079659223556519,"z":-0.4792414903640747,"w":-0.5206190943717957},"size":1.391578197479248,"orthographic":true}