{"cameraMode":{"drawMode":0,"name":"Shaded","section":"Shading Mode"},"sceneLighting":false,"audioPlay":false,"sceneViewState":{"showFog":true,"showMaterialUpdate":true,"showSkybox":false,"showFlares":true,"showImageEffects":true,"showParticleSystems":true},"in2DMode":false,"pivot":{"x":-129.01370239257813,"y":17.595420837402345,"z":63.520668029785159},"rotation":{"x":0.18759074807167054,"y":-0.7137719988822937,"z":0.2086506485939026,"w":0.6417242288589478},"size":26.153230667114259,"orthographic":false}