{"cameraMode":{"drawMode":0,"name":"Shaded","section":"Shading Mode"},"sceneLighting":true,"audioPlay":false,"sceneViewState":{"showFog":true,"showMaterialUpdate":true,"showSkybox":true,"showFlares":true,"showImageEffects":true,"showParticleSystems":true},"in2DMode":false,"pivot":{"x":455.85382080078127,"y":302.7437744140625,"z":-162.44287109375},"rotation":{"x":0.0368829220533371,"y":0.019801000133156778,"z":-0.0007376564899459481,"w":0.9991289377212524},"size":282.5982666015625,"orthographic":false}