{"cameraMode":{"drawMode":0,"name":"Shaded","section":"Shading Mode"},"sceneLighting":true,"audioPlay":false,"sceneViewState":{"showFog":true,"showMaterialUpdate":true,"showSkybox":true,"showFlares":true,"showImageEffects":true,"showParticleSystems":true},"in2DMode":false,"pivot":{"x":439.0921936035156,"y":131.76962280273438,"z":-113.5732421875},"rotation":{"x":-0.0422966443002224,"y":-0.003899288596585393,"z":0.00016503588994964957,"w":-0.9990974068641663},"size":229.42787170410157,"orthographic":false}