{"cameraMode":{"drawMode":0,"name":"Shaded","section":"Shading Mode"},"sceneLighting":true,"audioPlay":false,"sceneViewState":{"showFog":true,"showMaterialUpdate":false,"showSkybox":true,"showFlares":true,"showImageEffects":true,"showParticleSystems":true},"in2DMode":false,"pivot":{"x":-135.42520141601563,"y":11.85888671875,"z":141.1919708251953},"rotation":{"x":-0.2551349401473999,"y":0.627251148223877,"z":-0.22882936894893647,"w":-0.6993578672409058},"size":63.72837829589844,"orthographic":false}