{"cameraMode":{"drawMode":0,"name":"Shaded","section":"Shading Mode"},"sceneLighting":false,"audioPlay":false,"sceneViewState":{"showFog":true,"showMaterialUpdate":true,"showSkybox":false,"showFlares":true,"showImageEffects":true,"showParticleSystems":true},"in2DMode":false,"pivot":{"x":-142.5,"y":2.5690793991088869,"z":57.609683990478519},"rotation":{"x":-0.2810932397842407,"y":0.2432962954044342,"z":-0.07390867918729782,"w":-0.9253994822502136},"size":5.763455867767334,"orthographic":false}