{"cameraMode":{"drawMode":0,"name":"Shaded","section":"Shading Mode"},"sceneLighting":false,"audioPlay":false,"sceneViewState":{"showFog":true,"showMaterialUpdate":true,"showSkybox":false,"showFlares":true,"showImageEffects":true,"showParticleSystems":true},"in2DMode":false,"pivot":{"x":-117.22654724121094,"y":6.2606916427612309,"z":169.05361938476563},"rotation":{"x":-0.016823941841721536,"y":-0.9775742888450623,"z":0.1915576457977295,"w":-0.08585737645626068},"size":3.9368703365325929,"orthographic":false}