{"cameraMode":{"drawMode":0,"name":"Shaded","section":"Shading Mode"},"sceneLighting":false,"audioPlay":false,"sceneViewState":{"showFog":true,"showMaterialUpdate":true,"showSkybox":false,"showFlares":true,"showImageEffects":true,"showParticleSystems":true},"in2DMode":false,"pivot":{"x":-183.48524475097657,"y":9.366386413574219,"z":45.74751281738281},"rotation":{"x":-0.06164936721324921,"y":-0.8747803568840027,"z":0.11561066657304764,"w":-0.46647244691848757},"size":59.218177795410159,"orthographic":false}