{"cameraMode":{"drawMode":0,"name":"Shaded","section":"Shading Mode"},"sceneLighting":false,"audioPlay":false,"sceneViewState":{"showFog":true,"showMaterialUpdate":true,"showSkybox":true,"showFlares":true,"showImageEffects":true,"showParticleSystems":true},"in2DMode":false,"pivot":{"x":-93.78923034667969,"y":2.440298080444336,"z":146.01312255859376},"rotation":{"x":-0.3211146295070648,"y":0.5057483315467835,"z":-0.2102041095495224,"w":-0.7726259231567383},"size":35.49177932739258,"orthographic":false}